{
    "factorial_tail": {
        "mean": 20.660475244755254,
        "stddev": 0.19689136873800275,
        "user": 20.121839160839162,
        "system": 0.41072027972027964,
        "output": "0"
    },
    "interruptible_iterator": {
        "mean": 3017.7561271999994,
        "stddev": 4.831256059200538,
        "user": 1833.7034999999996,
        "system": 1183.9058000000002,
        "output": "0"
    },
    "exceptions": {
        "mean": 26.228819455357147,
        "stddev": 0.25784512196245996,
        "user": 25.647098214285716,
        "system": 0.451330357142857,
        "output": "0"
    },
    "fibonacci": {
        "mean": 730.8275984,
        "stddev": 2.721573213003241,
        "user": 730.2906,
        "system": 0.39979999999999993,
        "output": "267914296"
    },
    "fold_left_impl": {
        "mean": 429.50127299999997,
        "stddev": 0.9790154128834335,
        "user": 369.30260000000004,
        "system": 59.9839,
        "output": "0"
    },
    "factorial": {
        "mean": 20.775115727272727,
        "stddev": 0.23012506644076988,
        "user": 20.225783216783217,
        "system": 0.4196153846153847,
        "output": "0"
    },
    "counter": {
        "mean": 2.972902665074056,
        "stddev": 0.7140096991570363,
        "user": 0.6628497372193028,
        "system": 1.8139125656951745,
        "output": "100100100"
    }
}