{
    "factorial_tail": {
        "mean": 20.72025574825176,
        "stddev": 0.21188842872810637,
        "user": 20.195426573426577,
        "system": 0.3920979020979022,
        "output": "0"
    },
    "interruptible_iterator": {
        "mean": 3046.6483854000003,
        "stddev": 3.5145312761460867,
        "user": 1872.3052,
        "system": 1174.102,
        "output": "0"
    },
    "exceptions": {
        "mean": 26.223984330357144,
        "stddev": 0.257963641946941,
        "user": 25.749464285714282,
        "system": 0.34473214285714276,
        "output": "0"
    },
    "fibonacci": {
        "mean": 659.3963401000001,
        "stddev": 1.9067980134835447,
        "user": 658.7572999999999,
        "system": 0.49949999999999994,
        "output": "267914296"
    },
    "fold_left_impl": {
        "mean": 430.69613560000005,
        "stddev": 1.9740843489064446,
        "user": 366.6194,
        "system": 63.92220000000001,
        "output": "0"
    },
    "factorial": {
        "mean": 20.81174500704226,
        "stddev": 0.17827064456174752,
        "user": 20.2486690140845,
        "system": 0.43138732394366214,
        "output": "0"
    },
    "counter": {
        "mean": 3.047991787530109,
        "stddev": 0.6058155807632709,
        "user": 0.6775924538399785,
        "system": 1.8610719828739608,
        "output": "100100100"
    }
}