{
    "factorial_tail": {
        "mean": 20.749797286713292,
        "stddev": 0.21575901205862955,
        "user": 20.231762237762247,
        "system": 0.38646853146853144,
        "output": "0"
    },
    "interruptible_iterator": {
        "mean": 3233.9618867999993,
        "stddev": 5.180744822438288,
        "user": 2060.6562999999996,
        "system": 1173.0737000000001,
        "output": "0"
    },
    "exceptions": {
        "mean": 26.397603401785727,
        "stddev": 0.2700537231821638,
        "user": 25.910919642857145,
        "system": 0.35222321428571424,
        "output": "0"
    },
    "fibonacci": {
        "mean": 660.2593946000001,
        "stddev": 0.8725322960527814,
        "user": 659.5063,
        "system": 0.5999,
        "output": "267914296"
    },
    "fold_left_impl": {
        "mean": 430.92011590000004,
        "stddev": 1.0660726437130963,
        "user": 366.7779,
        "system": 63.9946,
        "output": "0"
    },
    "factorial": {
        "mean": 20.73696663636363,
        "stddev": 0.22136764522381602,
        "user": 20.179384615384613,
        "system": 0.4264405594405595,
        "output": "0"
    },
    "counter": {
        "mean": 2.9872970297509105,
        "stddev": 0.6890109151996724,
        "user": 0.6622101014760137,
        "system": 1.8279005996309972,
        "output": "100100100"
    }
}