{
    "factorial_tail": {
        "mean": 20.79506291608391,
        "stddev": 0.22756665587605907,
        "user": 20.261762237762234,
        "system": 0.3998671328671329,
        "output": "0"
    },
    "interruptible_iterator": {
        "mean": 3021.4571907,
        "stddev": 5.8792138240169916,
        "user": 1839.8747999999998,
        "system": 1181.3832000000002,
        "output": "0"
    },
    "exceptions": {
        "mean": 27.291215045871567,
        "stddev": 0.30332766668542105,
        "user": 26.731844036697254,
        "system": 0.4273302752293576,
        "output": "0"
    },
    "fibonacci": {
        "mean": 739.1921556000001,
        "stddev": 1.0312605305699203,
        "user": 738.8118000000001,
        "system": 0.2,
        "output": "267914296"
    },
    "fold_left_impl": {
        "mean": 404.70283190000004,
        "stddev": 2.5577900337186636,
        "user": 335.7458,
        "system": 68.8065,
        "output": "0"
    },
    "factorial": {
        "mean": 20.750369013986006,
        "stddev": 0.22604592642958268,
        "user": 20.1922027972028,
        "system": 0.4265524475524476,
        "output": "0"
    },
    "counter": {
        "mean": 3.065167688703796,
        "stddev": 0.5975124582092218,
        "user": 0.694479437792816,
        "system": 1.8564026548672579,
        "output": "100100100"
    }
}