{
    "factorial_tail": {
        "mean": 3.0917423110181317,
        "stddev": 0.5723367484881777,
        "user": 0.6870948396094836,
        "system": 1.8925148768014917,
        "output": "-2147483648"
    },
    "interruptible_iterator": {
        "mean": 3233.2894967,
        "stddev": 5.993618781499784,
        "user": 2060.8209,
        "system": 1172.3091,
        "output": "0"
    },
    "exceptions": {
        "mean": 152.4064713157895,
        "stddev": 0.7588218740016295,
        "user": 151.845,
        "system": 0.42073684210526313,
        "output": "0"
    },
    "fibonacci": {
        "mean": 4.624691639805833,
        "stddev": 0.9969044239860306,
        "user": 3.7608883495145586,
        "system": 0.6627912621359233,
        "output": "832040"
    },
    "fold_left_impl": {
        "mean": 432.36417670000003,
        "stddev": 2.091614646369854,
        "user": 373.9015,
        "system": 58.31770000000001,
        "output": "0"
    },
    "factorial": {
        "mean": 3.078964506361315,
        "stddev": 0.5541990668660722,
        "user": 0.699912722646312,
        "system": 1.8668371501272263,
        "output": "-2147483648"
    },
    "counter": {
        "mean": 3.1437500063323207,
        "stddev": 0.46729225152735787,
        "user": 0.6995833333333347,
        "system": 1.9213345997973663,
        "output": "100100100"
    }
}