{
    "factorial_tail": {
        "mean": 20.69638118181817,
        "stddev": 0.23209171102200457,
        "user": 20.185489510489507,
        "system": 0.37881818181818183,
        "output": "0"
    },
    "interruptible_iterator": {
        "mean": 3019.7587517999996,
        "stddev": 5.136068818279153,
        "user": 1830.8515,
        "system": 1188.7348,
        "output": "0"
    },
    "exceptions": {
        "mean": 26.269964451327436,
        "stddev": 0.26691891594616324,
        "user": 25.789,
        "system": 0.35039823008849547,
        "output": "0"
    },
    "fibonacci": {
        "mean": 738.8337055000001,
        "stddev": 0.6065158639862054,
        "user": 738.1831,
        "system": 0.4996999999999999,
        "output": "267914296"
    },
    "fold_left_impl": {
        "mean": 429.1073409,
        "stddev": 0.647118652782123,
        "user": 367.53700000000003,
        "system": 61.4209,
        "output": "0"
    },
    "factorial": {
        "mean": 20.703038643356642,
        "stddev": 0.23821234923299905,
        "user": 20.192846153846162,
        "system": 0.3789020979020979,
        "output": "0"
    },
    "counter": {
        "mean": 2.9351767016455983,
        "stddev": 0.7363717019241369,
        "user": 0.6395091819699483,
        "system": 1.8064808013355595,
        "output": "100100100"
    }
}