{
    "interruptible_iterator": {
        "mean": 3209.5014882,
        "stddev": 9.75227445385913,
        "user": 2026.0393,
        "system": 1183.2063,
        "output": "0\n"
    },
    "exceptions": {
        "mean": 152.34897310526318,
        "stddev": 0.9481877284813676,
        "user": 151.89942105263157,
        "system": 0.31515789473684214,
        "output": "0\n"
    },
    "fold_left_impl": {
        "mean": 432.8863516,
        "stddev": 4.21368946749648,
        "user": 374.8042,
        "system": 57.886599999999994,
        "output": "0\n"
    },
    "counter": {
        "mean": 2.8909328277736575,
        "stddev": 0.7461745461646616,
        "user": 0.6365525080306405,
        "system": 1.7723926365208793,
        "output": "100100100\n"
    }
}